name,longitude,latitude
Ara ararauna,-66.82,10.42
Ara ararauna,-61.09,10.36
Ara ararauna,-66.85,10.51
Ara ararauna,-66.83,10.53
Ara ararauna,-66.95,10.44
Ara ararauna,-66.99,10.54
Ara ararauna,-67,10.42
Ara ararauna,-66.81,10.53
Ara ararauna,-67.92,3.95
Ara ararauna,-62.92,9.92
Ara ararauna,-62.92,9.92
Ara ararauna,-62.92,9.92
Ara ararauna,-62.92,9.92
Ara ararauna,-62.92,9.92
Ara ararauna,-62.92,9.92
Ara ararauna,-61.02,1.49
Ara ararauna,-72.06,4.17
Ara ararauna,-62.36,9.44
Ara ararauna,-61.73,3.78
Ara ararauna,-66.84,10.49
Ara ararauna,-67.88,3.88
Ara ararauna,-66.84,10.47
Ara ararauna,-61.03,10.38
Ara ararauna,-66.84,10.49
Ara ararauna,-66.89,10.5
Ara ararauna,-66.84,10.49
Ara ararauna,-61.03,10.38
Ara ararauna,-66.84,10.49
Ara ararauna,-61.01,1.46
Ara ararauna,-61.01,1.46
Ara ararauna,-66.84,10.49
Ara ararauna,-61.07,1.97
Ara ararauna,-66.86,10.43
Ara ararauna,-66.88,10.41
Ara ararauna,-61.62,10.25
Ara ararauna,-66.89,10.43
Ara ararauna,-66.84,10.47
Ara ararauna,-61.17,7.46
Ara ararauna,-63.81,10.99
Ara ararauna,-61.15,4.48
Ara ararauna,-66.84,10.49
Ara ararauna,-66.84,10.49
Ara ararauna,-66.89,10.5
Ara ararauna,-66.84,10.46
Ara ararauna,-61.73,3.78
Ara ararauna,-61.52,1.26
Ara ararauna,-66.84,10.47
Ara ararauna,-66.86,10.47
Ara ararauna,-62.92,9.92
Ara ararauna,-61.03,10.38
Ara ararauna,-66.84,10.49
Ara ararauna,-61.01,1.46
Ara ararauna,-61.01,1.46
Ara ararauna,-66.84,10.47
Ara ararauna,-66.89,10.49
Ara ararauna,-66.84,10.49
Ara ararauna,-67.88,3.88
Ara ararauna,-63.85,10.95
Ara ararauna,-64.69,10.18
Ara ararauna,-66.84,10.49
Ara ararauna,-61.03,10.38
Ara ararauna,-61.03,10.38
Ara ararauna,-61.02,1.5
Ara ararauna,-61.03,10.38
Ara ararauna,-66.86,10.44
Ara ararauna,-61.01,1.46
Ara ararauna,-66.89,10.5
Ara ararauna,-66.91,10.5
Ara ararauna,-66.84,10.49
Ara ararauna,-61.07,1.97
Ara ararauna,-66.84,10.49
Ara ararauna,-66.89,10.49
Ara ararauna,-66.89,10.5
Ara ararauna,-66.84,10.49
Ara ararauna,-66.84,10.49
Ara ararauna,-66.89,10.5
Ara ararauna,-70.11,1.14
Ara ararauna,-66.84,10.49
Ara ararauna,-66.84,10.49
Ara ararauna,-66.89,10.5
Ara ararauna,-61.03,10.38
Ara ararauna,-66.84,10.49
Ara ararauna,-66.84,10.49
Ara ararauna,-61.01,1.46
Ara ararauna,-61.01,1.46
Ara ararauna,-66.86,10.47
Ara ararauna,-66.84,10.49
Ara ararauna,-66.89,10.49
Ara ararauna,-61.03,10.38
Ara ararauna,-61.03,10.38
Ara ararauna,-66.84,10.49
Ara ararauna,-66.89,10.5
Ara ararauna,-61.01,1.46
Ara ararauna,-66.86,10.43
Ara ararauna,-61.03,10.38
Ara ararauna,-66.84,10.49
Ara ararauna,-66.84,10.49
Ara ararauna,-66.84,10.49
Ara ararauna,-66.92,10.5
Ara ararauna,-66.84,10.49
Ara ararauna,-66.84,10.49
Ara ararauna,-66.89,10.49
Ara ararauna,-67.77,4.77
Ara ararauna,-66.84,10.49
Ara ararauna,-66.84,10.49
Ara ararauna,-66.84,10.49
Ara ararauna,-61.63,10.23
Ara ararauna,-61.13,4.5
Ara ararauna,-61.13,4.5
Ara ararauna,-69.4,10.03
Ara ararauna,-66.84,10.49
Ara ararauna,-66.85,10.5
Ara ararauna,-66.9,10.46
Ara ararauna,-66.85,10.49
Ara ararauna,-66.84,10.49
Ara ararauna,-66.85,10.5
Ara ararauna,-61.03,10.38
Ara ararauna,-61.03,10.38
Ara ararauna,-66.84,10.49
Ara ararauna,-66.84,10.49
Ara ararauna,-66.84,10.49
Ara ararauna,-66.89,10.5
Ara ararauna,-66.84,10.49
Ara ararauna,-66.84,10.49
Ara ararauna,-66.86,10.47
Ara ararauna,-66.92,10.51
Ara ararauna,-66.85,10.5
Ara ararauna,-66.85,10.5
Ara ararauna,-61.73,3.78
Ara ararauna,-66.84,10.49
Ara ararauna,-67.91,3.82
Ara ararauna,-66.89,10.49
Ara ararauna,-61.02,1.5
Ara ararauna,-61.02,1.5
Ara ararauna,-66.84,10.49
Ara ararauna,-66.84,10.49
Ara ararauna,-64.69,10.18
Ara ararauna,-66.88,10.48
Ara ararauna,-61.35,2.46
Ara ararauna,-66.84,10.49
Ara ararauna,-66.86,10.43
Ara ararauna,-62.92,9.92
Ara ararauna,-66.84,10.49
Ara ararauna,-66.84,10.49
Ara ararauna,-66.84,10.49
Ara ararauna,-62.24,9.98
Ara ararauna,-66.84,10.49
Ara ararauna,-66.84,10.49
Ara ararauna,-61.35,2.46
Ara ararauna,-61.03,10.38
Ara ararauna,-66.89,10.5
Ara ararauna,-66.88,10.41
Ara ararauna,-66.84,10.49
Ara ararauna,-66.84,10.49
Ara ararauna,-67,10.26
Ara ararauna,-66.84,10.49
Ara ararauna,-66.88,10.48
Ara ararauna,-61.01,1.46
Ara ararauna,-66.86,10.44
Ara ararauna,-66.84,10.49
Ara ararauna,-66.84,10.49
Ara ararauna,-66.84,10.49
Ara ararauna,-66.84,10.49
Ara ararauna,-66.88,10.48
Ara ararauna,-61.07,1.97
Ara ararauna,-66.84,10.49
Ara ararauna,-66.84,10.49
Ara ararauna,-66.84,10.49
Ara ararauna,-66.89,10.49
Ara ararauna,-66.89,10.49
Ara ararauna,-66.89,10.5
Ara ararauna,-66.89,10.49
Ara ararauna,-66.88,10.41
Ara ararauna,-66.78,10.5
Ara ararauna,-66.89,10.49
Ara ararauna,-66.84,10.49
Ara ararauna,-66.84,10.49
Ara ararauna,-66.84,10.49
Ara ararauna,-66.84,10.49
Ara ararauna,-66.84,10.49
Ara ararauna,-66.84,10.49
Ara ararauna,-66.84,10.49
Ara ararauna,-66.84,10.49
Ara ararauna,-66.84,10.49
Ara ararauna,-66.84,10.49
Ara ararauna,-66.84,10.49
Ara ararauna,-66.84,10.49
Ara ararauna,-66.84,10.49
Ara ararauna,-66.84,10.49
Ara ararauna,-66.84,10.49
Ara ararauna,-66.84,10.49
Ara ararauna,-66.86,10.47
Ara ararauna,-66.84,10.49
Ara ararauna,-66.84,10.49
Ara ararauna,-66.86,10.52
Ara ararauna,-66.84,10.49
Ara ararauna,-66.86,10.52
Ara ararauna,-66.84,10.49
Ara ararauna,-66.84,10.49
Ara ararauna,-66.84,10.49
Ara ararauna,-66.84,10.49
Ara ararauna,-66.84,10.49
Ara ararauna,-66.89,10.49
Ara ararauna,-66.84,10.49
Ara ararauna,-66.84,10.49
Ara ararauna,-66.84,10.49
Ara ararauna,-66.84,10.49
Ara ararauna,-66.9,10.5
Ara ararauna,-61.15,4.48
Ara ararauna,-68.02,10.19
Ara ararauna,-66.84,10.49
Ara ararauna,-66.84,10.49
Ara ararauna,-70.11,1.14
Ara ararauna,-70.11,1.14
Ara ararauna,-66.84,10.49
Ara ararauna,-66.89,10.49
Ara ararauna,-66.84,10.49
Ara ararauna,-66.85,10.5
Ara ararauna,-66.84,10.49
Ara ararauna,-66.84,10.46
Ara ararauna,-66.84,10.49
Ara ararauna,-66.51,1.58
Ara ararauna,-66.84,10.49
Ara ararauna,-66.84,10.49
Ara ararauna,-66.84,10.49
Ara ararauna,-66.84,10.49
Ara ararauna,-66.84,10.49
Ara ararauna,-66.81,10.49
Ara ararauna,-66.84,10.49
Ara ararauna,-66.84,10.49
Ara ararauna,-66.84,10.49
Ara ararauna,-61.42,5.97
Ara ararauna,-66.84,10.49
Ara ararauna,-66.84,10.49
Ara ararauna,-66.84,10.49
Ara ararauna,-66.84,10.49
Ara ararauna,-66.85,10.49
Ara ararauna,-61.63,10.23
Ara ararauna,-61.49,8.5
Ara ararauna,-66.89,10.5
Ara ararauna,-66.84,10.49
Ara ararauna,-66.84,10.49
Ara ararauna,-66.84,10.49
Ara ararauna,-66.85,10.5
Ara ararauna,-66.84,10.49
Ara ararauna,-66.84,10.49
Ara ararauna,-66.84,10.49
Ara ararauna,-64.69,10.18
Ara ararauna,-64.69,10.18
Ara ararauna,-66.84,10.49
Ara ararauna,-66.84,10.49
Ara ararauna,-66.84,10.49
Ara ararauna,-61.02,1.5
Ara ararauna,-66.85,10.5
Ara ararauna,-66.84,10.49
Ara ararauna,-66.84,10.49
Ara ararauna,-66.84,10.49
Ara ararauna,-66.84,10.49
Ara ararauna,-66.84,10.49
Ara ararauna,-66.84,10.49
Ara ararauna,-66.84,10.49
Ara ararauna,-66.84,10.49
Ara ararauna,-66.84,10.49
Ara ararauna,-66.84,10.49
Ara ararauna,-66.85,10.51
Ara ararauna,-66.86,10.52
Ara ararauna,-66.84,10.49
Ara ararauna,-66.84,10.49
Ara ararauna,-66.84,10.49
Ara ararauna,-66.84,10.49
Ara ararauna,-66.84,10.49
Ara ararauna,-66.84,10.49
Ara ararauna,-66.84,10.49
Ara ararauna,-66.84,10.49
Ara ararauna,-66.84,10.49
Ara ararauna,-66.84,10.49
Ara ararauna,-66.84,10.49
Ara ararauna,-66.88,10.48
Ara ararauna,-66.84,10.49
Ara ararauna,-66.89,10.5
Ara ararauna,-66.84,10.49
Ara ararauna,-66.84,10.49
Ara ararauna,-66.84,10.49
Ara ararauna,-66.89,10.49
Ara ararauna,-66.84,10.49
Ara ararauna,-66.85,10.5
Ara ararauna,-62.92,9.92
Ara ararauna,-66.84,10.49
Ara ararauna,-66.84,10.49
Ara ararauna,-66.89,10.49
Ara ararauna,-66.84,10.49
Ara ararauna,-66.84,10.49
Ara ararauna,-66.84,10.49
Ara ararauna,-66.84,10.49
Ara ararauna,-66.88,10.41
Ara ararauna,-66.9,10.5
Ara ararauna,-66.88,10.41
Ara ararauna,-66.84,10.49
Ara ararauna,-66.89,10.5
Ara ararauna,-66.88,10.41
Ara ararauna,-66.84,10.49
Ara ararauna,-66.89,10.49
Ara ararauna,-66.86,10.48
Ara ararauna,-66.84,10.49
Ara ararauna,-66.89,10.5
Ara ararauna,-66.84,10.49
Ara ararauna,-66.84,10.49
Ara ararauna,-66.84,10.49
Ara ararauna,-66.84,10.49
Ara ararauna,-66.84,10.49
Ara ararauna,-66.85,10.5
Ara ararauna,-66.84,10.49
Ara ararauna,-66.84,10.49
Ara ararauna,-62.24,10.01
Ara ararauna,-62.38,9.45
Ara ararauna,-66.84,10.49
Ara ararauna,-66.84,10.49
Ara ararauna,-66.84,10.49
Ara ararauna,-66.84,10.49
Ara ararauna,-66.84,10.49
Ara ararauna,-66.84,10.49
Ara ararauna,-66.89,10.49
Ara ararauna,-66.89,10.49
Ara ararauna,-66.89,10.49
Ara ararauna,-66.85,10.49
Ara ararauna,-66.84,10.49
Ara ararauna,-66.84,10.49
Ara ararauna,-66.84,10.49
Ara ararauna,-66.84,10.49
Ara ararauna,-66.84,10.49
Ara ararauna,-66.84,10.49
Ara ararauna,-66.84,10.49
Ara ararauna,-63.81,10.99
Ara ararauna,-66.84,10.49
Ara ararauna,-66.84,10.49
Ara ararauna,-66.84,10.49
Ara ararauna,-66.84,10.49
Ara ararauna,-66.84,10.49
Ara ararauna,-66.84,10.49
Ara ararauna,-66.84,10.49
Ara ararauna,-66.84,10.49
Ara ararauna,-66.84,10.49
Ara ararauna,-66.84,10.49
Ara ararauna,-66.84,10.49
Ara ararauna,-66.84,10.49
Ara ararauna,-66.89,10.44
Ara ararauna,-66.84,10.49
Ara ararauna,-66.85,10.5
Ara ararauna,-61.7,8.6
Ara ararauna,-66.82,10.48
Ara ararauna,-66.84,10.49
Ara ararauna,-66.84,10.49
Ara ararauna,-66.85,10.5
Ara ararauna,-66.89,10.44
Ara ararauna,-66.84,10.49
Ara ararauna,-66.84,10.49
Ara ararauna,-66.84,10.49
Ara ararauna,-66.84,10.49
Ara ararauna,-66.84,10.49
Ara ararauna,-66.84,10.49
Ara ararauna,-66.85,10.41
Ara ararauna,-66.84,10.49
Ara ararauna,-66.84,10.49
Ara ararauna,-66.97,10.43
Ara ararauna,-66.97,10.43
Ara ararauna,-66.84,10.49
Ara ararauna,-66.89,10.44
Ara ararauna,-66.85,10.5
Ara ararauna,-66.84,10.49
Ara ararauna,-66.84,10.49
Ara ararauna,-66.84,10.49
Ara ararauna,-66.84,10.49
Ara ararauna,-66.82,10.45
Ara ararauna,-66.84,10.49
Ara ararauna,-66.84,10.49
Ara ararauna,-66.84,10.49
Ara ararauna,-66.84,10.49
Ara ararauna,-66.84,10.49
Ara ararauna,-66.84,10.49
Ara ararauna,-66.84,10.49
Ara ararauna,-61.47,10.49
Ara ararauna,-61.63,10.23
Ara ararauna,-66.84,10.49
Ara ararauna,-66.89,10.49
Ara ararauna,-63.81,10.99
Ara ararauna,-66.84,10.49
Ara ararauna,-66.84,10.49
Ara ararauna,-66.84,10.49
Ara ararauna,-66.84,10.49
Ara ararauna,-66.84,10.5
Ara ararauna,-66.84,10.49
Ara ararauna,-66.81,10.5
Ara ararauna,-66.84,10.49
Ara ararauna,-66.82,10.39
Ara ararauna,-66.84,10.49
Ara ararauna,-66.84,10.49
Ara ararauna,-66.84,10.49
Ara ararauna,-66.84,10.49
Ara ararauna,-66.84,10.49
Ara ararauna,-66.86,10.43
Ara ararauna,-66.85,10.5
Ara ararauna,-66.89,10.49
Ara ararauna,-66.84,10.49
Ara ararauna,-66.84,10.49
Ara ararauna,-66.89,10.5
Ara ararauna,-66.84,10.49
Ara ararauna,-66.84,10.49
Ara ararauna,-66.84,10.49
Ara ararauna,-66.84,10.49
Ara ararauna,-66.84,10.49
Ara ararauna,-66.84,10.49
Ara ararauna,-66.85,10.5
Ara ararauna,-73.13,6.55
Ara ararauna,-66.84,10.49
Ara ararauna,-73.28,9.6
Ara ararauna,-66.84,10.49
Ara ararauna,-66.84,10.49
Ara ararauna,-66.84,10.49
Ara ararauna,-63.81,10.99
Ara ararauna,-66.89,10.44
Ara ararauna,-66.84,10.49
Ara ararauna,-66.84,10.49
Ara ararauna,-66.78,10.5
Ara ararauna,-66.84,10.49
Ara ararauna,-63.81,10.99
Ara ararauna,-66.84,10.49
Ara ararauna,-63.82,10.98
Ara ararauna,-66.84,10.49
Ara ararauna,-66.84,10.49
Ara ararauna,-66.78,10.5
Ara ararauna,-66.78,10.5
Ara ararauna,-66.84,10.49
Ara ararauna,-66.84,10.49
Ara ararauna,-66.84,10.49
Ara ararauna,-66.84,10.49
Ara ararauna,-66.97,10.43
Ara ararauna,-66.82,10.39
Ara ararauna,-66.84,10.49
Ara ararauna,-66.97,10.43
Ara ararauna,-63.81,10.99
Ara ararauna,-66.84,10.49
Ara ararauna,-66.79,10.45
Ara ararauna,-66.84,10.49
Ara ararauna,-66.84,10.49
Ara ararauna,-73.13,6.55
Ara ararauna,-66.84,10.49
Ara ararauna,-63.81,10.99
Ara ararauna,-66.84,10.49
Ara ararauna,-63.81,10.99
Ara ararauna,-63.82,10.98
Ara ararauna,-61.63,10.23
Ara ararauna,-73.13,6.55
Ara ararauna,-66.84,10.49
Ara ararauna,-66.84,10.49
Ara ararauna,-66.82,10.39
Ara ararauna,-72.71,2.57
Ara ararauna,-66.9,10.46
Ara ararauna,-66.84,10.49
Ara ararauna,-66.84,10.49
Ara ararauna,-66.84,10.49
Ara ararauna,-66.84,10.49
Ara ararauna,-66.84,10.49
Ara ararauna,-66.84,10.49
Ara ararauna,-66.84,10.49
Ara ararauna,-66.84,10.49
Ara ararauna,-66.78,10.5
Ara ararauna,-66.85,10.5
Ara ararauna,-66.78,10.5
Ara ararauna,-61.49,10.24
Ara ararauna,-66.84,10.49
Ara ararauna,-66.88,10.45
Ara ararauna,-73.13,6.55
Ara ararauna,-73.25,9.6
Ara ararauna,-62.92,9.92
Ara ararauna,-63.81,10.99
Ara ararauna,-66.9,10.46
Ara ararauna,-66.9,10.46
Ara ararauna,-68.22,3.96
Ara ararauna,-63.81,10.99
Ara ararauna,-63.81,10.99
Ara ararauna,-66.83,10.5
Ara ararauna,-67.7,10.47
Ara ararauna,-66.78,10.5
Ara ararauna,-67.7,10.47
Ara ararauna,-67.74,4.1
Ara ararauna,-66.78,10.5
Ara ararauna,-66.78,10.5
Ara ararauna,-73.25,9.71
Ara ararauna,-63.81,10.99
Ara ararauna,-66.97,10.43
Ara ararauna,-66.81,10.42
Ara ararauna,-66.91,10.49
Ara ararauna,-61.57,10.21
Ara ararauna,-66.83,10.5
Ara ararauna,-61.63,10.23
Ara ararauna,-61.63,10.23
Ara ararauna,-67,10.26
Ara ararauna,-66.84,10.49
Ara ararauna,-73.13,6.55
Ara ararauna,-66.9,10.5
Ara ararauna,-66.88,10.45
Ara ararauna,-63.83,10.98
Ara ararauna,-67.74,4.1
Ara ararauna,-73.3,9.56
Ara ararauna,-61.61,10.24
Ara ararauna,-67.7,10.47
Ara ararauna,-66.84,10.49
Ara ararauna,-67.98,3.98
Ara ararauna,-72.39,5.23
Ara ararauna,-72.39,5.23
Ara ararauna,-66.84,10.49
Ara ararauna,-66.84,10.49
Ara ararauna,-67.7,10.47
Ara ararauna,-67.7,10.47
Ara ararauna,-72.97,6.75
Ara ararauna,-61.57,10.21
Ara ararauna,-73.29,9.59
Ara ararauna,-67.7,10.47
Ara ararauna,-67.7,10.47
Ara ararauna,-67.7,10.47
Ara ararauna,-67.7,10.47
Ara ararauna,-66.86,10.47
Ara ararauna,-66.85,10.5
Ara ararauna,-66.79,10.45
Ara ararauna,-66.79,10.45
Ara ararauna,-66.84,10.49
Ara ararauna,-66.89,10.49
Ara ararauna,-73.01,6.81
Ara ararauna,-66.84,10.49
Ara ararauna,-66.84,10.49
Ara ararauna,-66.86,10.43
Ara ararauna,-66.82,10.47
Ara ararauna,-73.13,6.55
Ara ararauna,-66.85,10.5
Ara ararauna,-66.85,10.5
Ara ararauna,-61.61,10.24
Ara ararauna,-66.84,10.43
Ara ararauna,-61.61,10.24
Ara ararauna,-66.79,10.45
Ara ararauna,-66.84,10.49
Ara ararauna,-61.57,10.21
Ara ararauna,-66.79,10.45
Ara ararauna,-66.82,10.48
Ara ararauna,-66.79,10.45
Ara ararauna,-61.63,10.23
Ara ararauna,-61.57,10.21
Ara ararauna,-73.27,9.57
Ara ararauna,-61.61,10.24
Ara ararauna,-66.85,10.5
Ara ararauna,-66.89,10.49
Ara ararauna,-66.81,10.42
Ara ararauna,-66.82,10.47
Ara ararauna,-66.85,10.51
Ara ararauna,-61.61,10.24
Ara ararauna,-61.03,10.38
Ara ararauna,-66.84,10.49
Ara ararauna,-66.86,10.49
Ara ararauna,-66.86,10.49
Ara ararauna,-61.57,10.21
Ara ararauna,-63.83,10.98
Ara ararauna,-66.79,10.45
Ara ararauna,-66.84,10.49
Ara ararauna,-66.79,10.45
Ara ararauna,-61.61,10.24
Ara ararauna,-66.85,10.5
Ara ararauna,-66.84,10.49
Ara ararauna,-66.84,10.49
Ara ararauna,-67.7,10.47
Ara ararauna,-66.82,10.48
Ara ararauna,-66.79,10.45
Ara ararauna,-66.85,10.5
Ara ararauna,-66.89,10.49
Ara ararauna,-66.89,10.49
Ara ararauna,-66.84,10.49
Ara ararauna,-66.89,10.49
Ara ararauna,-66.84,10.49
Ara ararauna,-61.01,1.47
Ara ararauna,-61.63,10.23
Ara ararauna,-66.85,10.5
Ara ararauna,-66.85,10.51
Ara ararauna,-66.85,10.51
Ara ararauna,-66.89,10.49
Ara ararauna,-61,1.49
Ara ararauna,-66.81,10.47
Ara ararauna,-61.03,10.38
Ara ararauna,-66.82,10.47
Ara ararauna,-61.61,10.24
Ara ararauna,-61,1.49
Ara ararauna,-66.85,10.5
Ara ararauna,-61.61,10.24
Ara ararauna,-61.61,10.24
Ara ararauna,-66.85,10.5
Ara ararauna,-61.62,10.25
Ara ararauna,-66.82,10.47
Ara ararauna,-61.57,10.21
Ara ararauna,-66.97,10.43
Ara ararauna,-61.57,10.21
Ara ararauna,-66.84,10.49
Ara ararauna,-66.84,10.49
Ara ararauna,-61.61,10.24
Ara ararauna,-66.79,10.45
Ara ararauna,-61.61,10.24
Ara ararauna,-66.85,10.5
Ara ararauna,-66.88,10.45
Ara ararauna,-66.88,10.45
Ara ararauna,-66.87,10.48
Ara ararauna,-66.85,10.5
Ara ararauna,-60.99,1.39
Ara ararauna,-61.23,1.79
Ara ararauna,-70.11,1.14
Ara ararauna,-66.85,10.5
Ara ararauna,-66.85,10.51
Ara ararauna,-66.85,10.51
Ara ararauna,-66.85,10.5
Ara ararauna,-66.84,10.5
Ara ararauna,-66.86,10.47
Ara ararauna,-66.86,10.47
Ara ararauna,-66.79,10.45
Ara ararauna,-61.57,10.21
Ara ararauna,-61.63,10.23
Ara ararauna,-66.84,10.49
Ara ararauna,-66.89,10.49
Ara ararauna,-66.89,10.49
Ara ararauna,-61.61,10.24
Ara ararauna,-66.9,10.46
Ara ararauna,-66.89,10.49
Ara ararauna,-61.09,10.45
Ara ararauna,-66.81,10.42
Ara ararauna,-66.81,10.42
Ara ararauna,-66.85,10.5
Ara ararauna,-66.82,10.48
Ara ararauna,-66.85,10.5
Ara ararauna,-66.82,10.47
Ara ararauna,-66.85,10.5
Ara ararauna,-66.84,10.49
Ara ararauna,-66.82,10.48
Ara ararauna,-66.9,10.46
Ara ararauna,-66.85,10.51
Ara ararauna,-66.85,10.51
Ara ararauna,-66.89,10.49
Ara ararauna,-66.84,10.49
Ara ararauna,-66.85,10.5
Ara ararauna,-61.57,10.21
Ara ararauna,-66.87,10.48
Ara ararauna,-66.79,10.45
Ara ararauna,-66.85,10.51
Ara ararauna,-66.85,10.5
Ara ararauna,-66.79,10.45
Ara ararauna,-66.85,10.5
Ara ararauna,-66.85,10.5
Ara ararauna,-66.85,10.5
Ara ararauna,-66.85,10.5
Ara ararauna,-66.84,10.49
Ara ararauna,-66.79,10.45
Ara ararauna,-66.79,10.45
Ara ararauna,-66.84,10.49
Ara ararauna,-61.61,10.24
Ara ararauna,-66.89,10.44
Ara ararauna,-61.01,1.47
Ara ararauna,-73.13,6.55
Ara ararauna,-66.85,10.5
Ara ararauna,-60.99,1.39
Ara ararauna,-66.89,10.49
Ara ararauna,-66.89,10.49
Ara ararauna,-66.9,10.46
Ara ararauna,-66.87,10.48
Ara ararauna,-66.85,10.5
Ara ararauna,-66.85,10.5
Ara ararauna,-66.85,10.5
Ara ararauna,-66.91,10.53
Ara ararauna,-66.91,10.53
Ara ararauna,-66.85,10.5
Ara ararauna,-66.85,10.5
Ara ararauna,-66.84,10.49
Ara ararauna,-66.85,10.5
Ara ararauna,-64.65,10.15
Ara ararauna,-66.85,10.5
Ara ararauna,-66.84,10.49
Ara ararauna,-60.99,1.42
Ara ararauna,-66.84,10.49
Ara ararauna,-61.01,1.47
Ara ararauna,-61.01,1.47
Ara ararauna,-66.81,10.47
Ara ararauna,-66.85,10.5
Ara ararauna,-66.85,10.5
Ara ararauna,-66.89,10.49
Ara ararauna,-66.81,10.42
Ara ararauna,-66.88,10.45
Ara ararauna,-66.85,10.5
Ara ararauna,-66.9,10.46
Ara ararauna,-66.79,10.45
Ara ararauna,-66.82,10.47
Ara ararauna,-66.81,10.42
Ara ararauna,-66.85,10.5
Ara ararauna,-61.61,10.24
Ara ararauna,-60.99,1.42
Ara ararauna,-66.85,10.5
Ara ararauna,-66.84,10.49
Ara ararauna,-66.85,10.5
Ara ararauna,-61.63,10.23
Ara ararauna,-66.79,10.45
Ara ararauna,-61.61,10.24
Ara ararauna,-66.85,10.5
Ara ararauna,-66.88,10.48
Ara ararauna,-66.84,10.49
Ara ararauna,-66.83,10.46
Ara ararauna,-66.85,10.5
Ara ararauna,-66.89,10.44
Ara ararauna,-66.85,10.5
Ara ararauna,-66.9,10.46
Ara ararauna,-66.85,10.5
Ara ararauna,-60.99,1.39
Ara ararauna,-66.86,10.49
Ara ararauna,-66.85,10.5
Ara ararauna,-61.57,10.21
Ara ararauna,-66.85,10.5
Ara ararauna,-66.81,10.47
Ara ararauna,-61.04,4.24
Ara ararauna,-66.97,10.43
Ara ararauna,-66.97,10.43
Ara ararauna,-66.85,10.5
Ara ararauna,-66.82,10.47
Ara ararauna,-66.85,10.5
Ara ararauna,-66.82,10.48
Ara ararauna,-66.82,10.48
Ara ararauna,-66.79,10.45
Ara ararauna,-66.89,10.49
Ara ararauna,-61.2,1.78
Ara ararauna,-66.85,10.49
Ara ararauna,-66.85,10.49
Ara ararauna,-61.2,1.78
Ara ararauna,-67.5,10.15
Ara ararauna,-66.81,10.47
Ara ararauna,-66.85,10.5
Ara ararauna,-66.81,10.47
Ara ararauna,-66.84,10.49
Ara ararauna,-66.84,10.49
Ara ararauna,-66.85,10.5
Ara ararauna,-66.91,10.53
Ara ararauna,-66.89,10.49
Ara ararauna,-61.61,10.24
Ara ararauna,-66.89,10.49
Ara ararauna,-61.61,10.24
Ara ararauna,-66.88,10.41
Ara ararauna,-66.85,10.5
Ara ararauna,-61.03,10.38
Ara ararauna,-66.88,10.46
Ara ararauna,-66.88,10.46
Ara ararauna,-66.85,10.5
Ara ararauna,-66.79,10.45
Ara ararauna,-72.98,6.75
Ara ararauna,-66.81,10.47
Ara ararauna,-66.85,10.5
Ara ararauna,-61.63,10.23
Ara ararauna,-72.98,6.75
Ara ararauna,-72.98,6.75
Ara ararauna,-61.63,10.23
Ara ararauna,-66.84,10.49
Ara ararauna,-66.89,10.49
Ara ararauna,-66.84,10.49
Ara ararauna,-66.84,10.49
Ara ararauna,-61.03,10.38
Ara ararauna,-66.85,10.5
Ara ararauna,-66.89,10.49
Ara ararauna,-66.91,10.5
Ara ararauna,-61.63,10.23
Ara ararauna,-61.57,10.21
Ara ararauna,-66.84,10.49
Ara ararauna,-66.85,10.5
Ara ararauna,-61.03,10.38
Ara ararauna,-66.85,10.5
Ara ararauna,-66.84,10.49
Ara ararauna,-66.84,10.49
Ara ararauna,-66.83,10.46
Ara ararauna,-66.85,10.5
Ara ararauna,-66.89,10.49
Ara ararauna,-66.85,10.5
Ara ararauna,-66.83,10.46
Ara ararauna,-66.85,10.5
Ara ararauna,-66.85,10.5
Ara ararauna,-61.61,10.24
Ara ararauna,-66.84,10.49
Ara ararauna,-66.84,10.49
Ara ararauna,-66.83,10.46
Ara ararauna,-66.89,10.49
Ara ararauna,-66.81,10.47
Ara ararauna,-66.81,10.5
Ara ararauna,-66.85,10.5
Ara ararauna,-61.03,10.38
Ara ararauna,-61.09,10.48
Ara ararauna,-61.73,3.78
Ara ararauna,-66.88,10.48
Ara ararauna,-66.81,10.47
Ara ararauna,-66.85,10.5
Ara ararauna,-66.85,10.5
Ara ararauna,-61.06,10.43
Ara ararauna,-66.84,10.49
Ara ararauna,-66.85,10.5
Ara ararauna,-66.84,10.49
Ara ararauna,-66.89,10.49
Ara ararauna,-61.57,10.21
Ara ararauna,-66.81,10.5
Ara ararauna,-66.83,10.46
Ara ararauna,-66.81,10.47
Ara ararauna,-66.89,10.49
Ara ararauna,-66.88,10.48
Ara ararauna,-66.81,10.5
Ara ararauna,-66.85,10.5
Ara ararauna,-66.85,10.5
Ara ararauna,-60.99,1.39
Ara ararauna,-66.85,10.5
Ara ararauna,-66.87,10.48
Ara ararauna,-61.57,10.21
Ara ararauna,-61.61,10.24
Ara ararauna,-61.23,1.79
Ara ararauna,-60.99,1.39
Ara ararauna,-66.83,10.41
Ara ararauna,-66.89,10.49
Ara ararauna,-66.85,10.5
Ara ararauna,-61.04,10.4
Ara ararauna,-60.99,1.39
Ara ararauna,-66.89,10.49
Ara ararauna,-66.86,10.47
Ara ararauna,-66.85,10.5
Ara ararauna,-66.9,10.46
Ara ararauna,-66.84,10.49
Ara ararauna,-66.89,10.44
Ara ararauna,-66.84,10.49
Ara ararauna,-66.85,10.5
Ara ararauna,-66.84,10.49
Ara ararauna,-66.85,10.5
Ara ararauna,-66.85,10.5
Ara ararauna,-66.85,10.5
Ara ararauna,-66.85,10.5
Ara ararauna,-66.84,10.49
Ara ararauna,-66.85,10.5
Ara ararauna,-66.84,10.49
Ara ararauna,-66.89,10.5
Ara ararauna,-66.84,10.49
Ara ararauna,-66.84,10.49
Ara ararauna,-66.85,10.5
Ara ararauna,-66.85,10.5
Ara ararauna,-66.85,10.5
Ara ararauna,-66.85,10.5
Ara ararauna,-66.84,10.49
Ara ararauna,-66.85,10.5
Ara ararauna,-66.85,10.5
Ara ararauna,-66.85,10.5
Ara ararauna,-66.85,10.5
Ara ararauna,-66.84,10.49
Ara ararauna,-66.89,10.49
Ara ararauna,-66.85,10.5
Ara ararauna,-66.85,10.5
Ara ararauna,-66.84,10.49
Ara ararauna,-66.85,10.5
Ara ararauna,-66.84,10.49
Ara ararauna,-66.85,10.5
Ara ararauna,-66.85,10.5
Ara ararauna,-61.61,10.24
Ara ararauna,-66.85,10.5
Ara ararauna,-66.84,10.49
Ara ararauna,-66.85,10.5
Ara ararauna,-61.63,10.23
Ara ararauna,-66.89,10.49
Ara ararauna,-66.89,10.49
Ara ararauna,-66.89,10.49
Ara ararauna,-66.84,10.49
Ara ararauna,-66.79,10.45
Ara ararauna,-66.85,10.5
Ara ararauna,-66.83,10.46
Ara ararauna,-66.84,10.49
Ara ararauna,-66.85,10.5
Ara ararauna,-66.84,10.49
Ara ararauna,-66.83,10.46
Ara ararauna,-66.85,10.5
Ara ararauna,-66.85,10.5
Ara ararauna,-66.84,10.49
Ara ararauna,-61.03,10.38
Ara ararauna,-66.81,10.5
Ara ararauna,-66.81,10.5
Ara ararauna,-66.84,10.49
Ara ararauna,-66.85,10.5
Ara ararauna,-66.85,10.5
Ara ararauna,-61.03,10.38
Ara ararauna,-66.88,10.48
Ara ararauna,-66.84,10.5
Ara ararauna,-66.85,10.5
Ara ararauna,-66.85,10.5
Ara ararauna,-66.85,10.5
Ara ararauna,-60.99,1.39
Ara ararauna,-66.9,10.46
Ara ararauna,-66.82,10.49
Ara ararauna,-66.85,10.5
Ara ararauna,-66.87,10.47
Ara ararauna,-61.03,10.38
Ara ararauna,-66.82,10.48
Ara ararauna,-61.03,10.38
Ara ararauna,-66.81,10.42
Ara ararauna,-66.83,10.41
Ara ararauna,-61.03,10.38
Ara ararauna,-66.85,10.5
Ara ararauna,-66.85,10.5
Ara ararauna,-66.83,10.41
Ara ararauna,-66.85,10.5
Ara ararauna,-66.85,10.51
Ara ararauna,-66.85,10.5
Ara ararauna,-61.03,10.38
Ara ararauna,-66.84,10.49
Ara ararauna,-66.89,10.49
Ara ararauna,-66.85,10.5
Ara ararauna,-66.85,10.5
Ara ararauna,-66.84,10.49
Ara ararauna,-66.87,10.49
Ara ararauna,-66.85,10.5
Ara ararauna,-66.85,10.5
Ara ararauna,-66.85,10.5
Ara ararauna,-61.03,10.38
Ara ararauna,-66.85,10.5
Ara ararauna,-66.81,10.5
Ara ararauna,-66.85,10.5
Ara ararauna,-66.85,10.5
Ara ararauna,-61.03,10.38
Ara ararauna,-66.85,10.5
Ara ararauna,-66.85,10.5
Ara ararauna,-66.85,10.5
Ara ararauna,-66.85,10.5
Ara ararauna,-66.85,10.5
Ara ararauna,-66.82,10.48
Ara ararauna,-66.85,10.5
Ara ararauna,-66.84,10.49
Ara ararauna,-66.9,10.46
Ara ararauna,-66.85,10.5
Ara ararauna,-66.85,10.5
Ara ararauna,-66.85,10.5
Ara ararauna,-66.85,10.5
Ara ararauna,-66.85,10.5
Ara ararauna,-66.89,10.49
Ara ararauna,-66.81,10.42
Ara ararauna,-66.84,10.49
Ara ararauna,-66.85,10.5
Ara ararauna,-66.81,10.42
Ara ararauna,-66.85,10.5
Ara ararauna,-66.84,10.49
Ara ararauna,-61.03,10.38
Ara ararauna,-66.85,10.5
Ara ararauna,-66.85,10.5
Ara ararauna,-66.85,10.5
Ara ararauna,-66.85,10.51
Ara ararauna,-66.85,10.5
Ara ararauna,-66.85,10.5
Ara ararauna,-66.89,10.44
Ara ararauna,-66.85,10.5
Ara ararauna,-66.85,10.5
Ara ararauna,-66.84,10.49
Ara ararauna,-66.85,10.5
Ara ararauna,-66.85,10.5
Ara ararauna,-66.85,10.5
Ara ararauna,-66.85,10.5
Ara ararauna,-66.85,10.5
Ara ararauna,-66.85,10.5
Ara ararauna,-66.85,10.5
Ara ararauna,-67.87,3.89
Ara ararauna,-66.85,10.5
Ara ararauna,-66.85,10.5
Ara ararauna,-66.85,10.5
Ara ararauna,-66.81,10.5
Ara ararauna,-66.85,10.5
Ara ararauna,-66.85,10.5
Ara ararauna,-66.85,10.5
Ara ararauna,-66.85,10.5
Ara ararauna,-66.84,10.49
Ara ararauna,-66.85,10.5
Ara ararauna,-66.85,10.5
Ara ararauna,-61.03,10.38
Ara ararauna,-66.85,10.5
Ara ararauna,-66.84,10.49
Ara ararauna,-66.84,10.49
Ara ararauna,-66.84,10.49
Ara ararauna,-61.03,10.38
Ara ararauna,-61.03,10.38
Ara ararauna,-66.85,10.5
Ara ararauna,-66.85,10.5
Ara ararauna,-66.85,10.5
Ara ararauna,-61.58,10.22
Ara ararauna,-66.85,10.5
Ara ararauna,-66.9,10.46
Ara ararauna,-66.85,10.5
Ara ararauna,-66.85,10.5
Ara ararauna,-66.85,10.5
Ara ararauna,-66.84,10.49
Ara ararauna,-67.96,3.86
Ara ararauna,-61.63,10.23
Ara ararauna,-66.85,10.5
Ara ararauna,-66.85,10.5
Ara ararauna,-61.03,10.38
Ara ararauna,-66.84,10.49
Ara ararauna,-66.86,10.44
Ara ararauna,-61.03,10.38
Ara ararauna,-66.88,10.45
Ara ararauna,-66.86,10.44
Ara ararauna,-66.84,10.49
Ara ararauna,-66.89,10.49
Ara ararauna,-72.19,5.32
Ara ararauna,-66.89,10.49
Ara ararauna,-66.89,10.49
Ara ararauna,-66.84,10.49
Ara ararauna,-66.85,10.5
Ara ararauna,-66.89,10.49
Ara ararauna,-66.89,10.49
Ara ararauna,-66.9,10.49
Ara ararauna,-61.62,10.24
Ara ararauna,-66.81,10.42
Ara ararauna,-61.47,10.15
Ara ararauna,-66.84,10.49
Ara ararauna,-66.85,10.5
Ara ararauna,-66.93,10.43
Ara ararauna,-61.04,10.4
Ara ararauna,-61.03,10.38
Ara ararauna,-66.89,10.49
Ara ararauna,-66.89,10.49
Ara ararauna,-66.89,10.49
Ara ararauna,-66.89,10.49
Ara ararauna,-66.84,10.49
Ara ararauna,-66.84,10.49
Ara ararauna,-66.85,10.5
Ara ararauna,-61.03,10.38
Ara ararauna,-61.07,10.5
Ara ararauna,-61.03,10.38
Ara ararauna,-66.89,10.44
Ara ararauna,-73.27,9.57
Ara ararauna,-66.89,10.49
Ara ararauna,-66.84,10.49
Ara ararauna,-61.09,10.46
Ara ararauna,-66.84,10.49
Ara ararauna,-66.84,10.49
Ara ararauna,-66.84,10.49
Ara ararauna,-66.88,10.41
Ara ararauna,-66.88,10.45
Ara ararauna,-61.04,10.4
Ara ararauna,-66.84,10.46
Ara ararauna,-66.89,10.49
Ara ararauna,-61.36,8.46
Ara ararauna,-61.04,10.5
Ara ararauna,-66.9,10.46
Ara ararauna,-66.9,10.49
Ara ararauna,-67.88,3.86
Ara ararauna,-66.84,10.49
Ara ararauna,-66.86,10.47
Ara ararauna,-66.89,10.49
Ara ararauna,-66.9,10.46
Ara ararauna,-66.81,10.47
Ara ararauna,-61.03,10.38
Ara ararauna,-66.84,10.49
Ara ararauna,-66.84,10.49
Ara ararauna,-66.84,10.49
Ara ararauna,-61.1,10.46
Ara ararauna,-66.9,10.46
Ara ararauna,-67.88,3.88
Ara ararauna,-66.9,10.46
Ara ararauna,-61.63,10.23
Ara ararauna,-66.9,10.46
Ara ararauna,-66.87,10.48
Ara ararauna,-66.84,10.49
Ara ararauna,-66.87,10.5
Ara ararauna,-66.9,10.46
Ara ararauna,-66.9,10.46
Ara ararauna,-66.9,10.46
Ara ararauna,-66.89,10.49
Ara ararauna,-66.84,10.49
Ara ararauna,-66.89,10.49
Ara ararauna,-66.84,10.49
Ara ararauna,-66.84,10.49
Ara ararauna,-66.89,10.49
Ara ararauna,-66.86,10.47
Ara ararauna,-66.87,10.48
Ara ararauna,-66.86,10.52
Ara ararauna,-66.82,10.47
Ara ararauna,-66.82,10.47
Ara ararauna,-61.13,8.51
Ara ararauna,-66.84,10.49
Ara ararauna,-66.85,10.47
Ara ararauna,-67.88,3.88
Ara ararauna,-66.89,10.49
Ara ararauna,-66.82,10.48
Ara ararauna,-66.89,10.49
Ara ararauna,-66.89,10.49
Ara ararauna,-66.9,10.46
Ara ararauna,-66.87,10.49
Ara ararauna,-66.89,10.5
Ara ararauna,-66.89,10.5
Ara ararauna,-66.84,10.47
Ara ararauna,-66.9,10.46
Ara ararauna,-66.88,10.45
Ara ararauna,-61.09,10.45
Ara ararauna,-66.9,10.46
Ara ararauna,-66.9,10.46
Ara ararauna,-66.82,10.47
Ara ararauna,-66.89,10.5
Ara ararauna,-66.89,10.49
Ara ararauna,-66.89,10.49
Ara ararauna,-66.89,10.49
Ara ararauna,-66.82,10.48
Ara ararauna,-66.89,10.49
Ara ararauna,-66.86,10.47
Ara ararauna,-66.86,10.47
Ara ararauna,-66.84,10.47
Ara ararauna,-66.84,10.49
Ara ararauna,-66.89,10.49
Ara ararauna,-66.89,10.49
Ara ararauna,-66.89,10.49
Ara ararauna,-66.89,10.49
Ara ararauna,-66.84,10.47
Ara ararauna,-66.89,10.49
Ara ararauna,-66.86,10.47
Ara ararauna,-66.89,10.49
Ara ararauna,-66.89,10.49
Ara ararauna,-61.59,10.21
Ara ararauna,-66.89,10.49
Ara ararauna,-61.57,10.21
Ara ararauna,-61.03,10.38
Ara ararauna,-66.89,10.49
Ara ararauna,-66.86,10.47
Ara ararauna,-66.89,10.49
Ara ararauna,-66.83,10.48
Ara ararauna,-66.92,10.45
Ara ararauna,-66.89,10.49
Ara ararauna,-66.82,10.47
Ara ararauna,-66.86,10.47
Ara ararauna,-66.92,10.45
Ara ararauna,-66.84,10.47
Ara ararauna,-66.89,10.49
Ara ararauna,-66.89,10.5
Ara ararauna,-66.82,10.48
Ara ararauna,-66.82,10.47
Ara ararauna,-66.82,10.48
Ara ararauna,-66.86,10.47
Ara ararauna,-66.86,10.47
Ara ararauna,-66.85,10.47
Ara ararauna,-66.86,10.47
Ara ararauna,-66.84,10.49
Ara ararauna,-66.82,10.47
Ara ararauna,-66.89,10.4
Ara ararauna,-66.9,10.46
Ara ararauna,-66.86,10.47
Ara ararauna,-66.9,10.46
Ara ararauna,-66.88,10.51
Ara ararauna,-66.86,10.47
Ara ararauna,-66.86,10.47
Ara ararauna,-66.89,10.5
Ara ararauna,-66.86,10.47
Ara ararauna,-66.86,10.47
Ara ararauna,-66.86,10.47
Ara ararauna,-66.88,10.51
Ara ararauna,-66.86,10.47
Ara ararauna,-66.89,10.4
Ara ararauna,-66.84,10.46
Ara ararauna,-66.86,10.47
Ara ararauna,-66.85,10.47
Ara ararauna,-66.93,10.44
Ara ararauna,-66.89,10.49
Ara ararauna,-66.86,10.47
Ara ararauna,-66.86,10.47
Ara ararauna,-66.82,10.47
Ara ararauna,-66.82,10.48
Ara ararauna,-66.82,10.47
Ara ararauna,-66.89,10.49
Ara ararauna,-66.86,10.47
Ara ararauna,-66.86,10.47
Ara ararauna,-66.89,10.49
Ara ararauna,-66.82,10.48
Ara ararauna,-66.86,10.47
Ara ararauna,-61.03,10.38
Ara ararauna,-66.89,10.49
Ara ararauna,-61.03,10.38
Ara ararauna,-66.86,10.47
Ara ararauna,-66.86,10.47
Ara ararauna,-66.86,10.47
Ara ararauna,-66.86,10.47
Ara ararauna,-62.92,9.92
Ara ararauna,-71.67,4.84
Ara ararauna,-66.89,10.55
Ara ararauna,-66.97,10.6
Ara ararauna,-66.86,10.59
Ara ararauna,-66.89,10.48
Ara ararauna,-61.15,10.36
Ara ararauna,-66.45,10.42
Ara ararauna,-72.57,2.56
Ara ararauna,-63.91,10.86
Ara ararauna,-61.09,10.44
Ara ararauna,-66.95,10.46
Ara ararauna,-61.06,10.5
Ara ararauna,-66.97,10.41
Ara ararauna,-61.56,9.77
Ara ararauna,-67.32,3.14
Ara ararauna,-61.56,9.77
Ara ararauna,-61.02,10.39
Ara ararauna,-61.63,10.23
Ara ararauna,-61.01,1.47
Ara ararauna,-61.12,10.44
Ara ararauna,-61.09,10.45
Ara ararauna,-66.91,3.67
Ara ararauna,-61.59,10.22
Ara ararauna,-61.43,3.36
Ara ararauna,-61.43,3.36
Ara ararauna,-61.43,3.36
Ara ararauna,-61.43,3.36
Ara ararauna,-66.84,10.46
Ara ararauna,-66.89,10.44
Ara ararauna,-66.89,10.44
Ara ararauna,-66.89,10.49
Ara ararauna,-73.3,9.59
Ara ararauna,-69.33,7.43
Ara ararauna,-61.08,10.48
Ara ararauna,-67.88,3.88
Ara ararauna,-67.92,3.93
Ara ararauna,-61.96,8.8
Ara ararauna,-61.96,8.8
Ara ararauna,-63.03,10.44
Ara ararauna,-60.41,0.96
Ara ararauna,-62.92,9.92
Ara ararauna,-66.24,5.68
Ara ararauna,-62.92,9.92
Ara ararauna,-67.82,4.73
Ara ararauna,-62.92,9.92
Ara ararauna,-66.84,10.49
Ara ararauna,-62.92,9.92
Ara ararauna,-65.54,3.17
Ara ararauna,-66.24,5.68
Ara ararauna,-61.78,4.29
Ara ararauna,-61.78,4.29
Ara ararauna,-62.92,9.92
Ara ararauna,-66.39,4.96
Ara ararauna,-61.91,8.01
Ara ararauna,-61.57,10.21
Ara ararauna,-67.55,2.72
Ara ararauna,-67.18,2.64
Ara ararauna,-67.55,2.72
Ara ararauna,-66.82,10.48
Ara ararauna,-66.89,10.49
Ara ararauna,-61.01,1.47
Ara ararauna,-66.9,10.49
Ara ararauna,-66.89,10.49
Ara ararauna,-62.69,9.56
Ara ararauna,-61.02,10.39
Ara ararauna,-66.86,10.49
Ara ararauna,-61.73,3.78
Ara ararauna,-66.86,10.49
Ara ararauna,-66.82,10.48
Ara ararauna,-67.93,3.86
Ara ararauna,-66.84,10.49
Ara ararauna,-66.84,10.49
Ara ararauna,-66.84,10.49
Ara ararauna,-66.84,10.49
Ara ararauna,-66.86,10.49
Ara ararauna,-66.86,10.49
Ara ararauna,-72.71,2.57
Ara ararauna,-67.88,3.88
Ara ararauna,-67.92,3.93
Ara ararauna,-62.84,6.24
Ara ararauna,-66.82,10.48
Ara ararauna,-70.09,1.12
Ara ararauna,-66.84,10.49
Ara ararauna,-66.81,10.47
Ara ararauna,-66.81,10.47
Ara ararauna,-66.81,10.47
Ara ararauna,-66.89,10.49
Ara ararauna,-61.79,3.8
Ara ararauna,-66.84,10.49
Ara ararauna,-66.84,10.49
Ara ararauna,-66.84,10.49
Ara ararauna,-66.84,10.49
Ara ararauna,-66.84,10.46
Ara ararauna,-66.84,10.49
Ara ararauna,-66.84,10.49
Ara ararauna,-66.84,10.49
Ara ararauna,-66.84,10.49
Ara ararauna,-66.84,10.49
Ara ararauna,-66.84,10.49
Ara ararauna,-66.84,10.49
Ara ararauna,-66.84,10.49
Ara ararauna,-66.84,10.49
Ara ararauna,-62.92,9.79
Ara ararauna,-62.92,9.79
Ara ararauna,-62.05,9.06
Ara ararauna,-62.36,9.44
Ara ararauna,-63.1,10.18
Ara ararauna,-63.1,10.18
Ara ararauna,-67.77,4.77
Ara ararauna,-62.39,9.61
Ara ararauna,-62.92,9.92
Ara ararauna,-62.92,9.92
Ara ararauna,-62.92,9.92
Ara ararauna,-66.89,10.49
Ara ararauna,-66.81,10.42
Ara ararauna,-66.86,10.49
Ara ararauna,-66.82,10.48
Ara ararauna,-61.1,10.46
Ara ararauna,-66.79,10.5
Ara ararauna,-66.74,10.49
Ara ararauna,-66.88,10.49
Ara ararauna,-66.84,10.49
Ara ararauna,-66.82,10.48
Ara ararauna,-66.84,10.49
Ara ararauna,-66.84,10.49
Ara ararauna,-66.84,10.5
Ara ararauna,-66.89,10.48
Ara ararauna,-66.89,10.48
Ara ararauna,-66.89,10.48
Ara ararauna,-66.88,10.41
Ara ararauna,-66.83,10.44
Ara ararauna,-66.89,10.5
Ara ararauna,-61.62,10.24
Ara ararauna,-66.88,10.41
Ara ararauna,-66.87,10.48
Ara ararauna,-66.88,10.41
Ara ararauna,-66.82,10.48
Ara ararauna,-66.82,10.48
Ara ararauna,-66.9,10.48
Ara ararauna,-61.1,10.46
Ara ararauna,-63.92,11.13
Ara ararauna,-63.92,11.13
Ara ararauna,-66.82,10.48
Ara ararauna,-61.09,10.49
Ara ararauna,-61.09,10.45
Ara ararauna,-66.81,10.47
Ara ararauna,-66.84,10.49
Ara ararauna,-66.84,10.49
Ara ararauna,-66.84,10.49
Ara ararauna,-66.84,10.49
Ara ararauna,-66.84,10.49
Ara ararauna,-66.89,10.49
Ara ararauna,-66.84,10.49
Ara ararauna,-66.84,10.49
Ara ararauna,-66.84,10.49
Ara ararauna,-66.84,10.49
Ara ararauna,-66.84,10.49
Ara ararauna,-66.84,10.49
Ara ararauna,-66.82,10.48
Ara ararauna,-60.99,1.39
Ara ararauna,-60.25,2.47
Ara ararauna,-60.99,1.39
Ara ararauna,-60.99,1.39
Ara ararauna,-66.89,10.5
Ara ararauna,-62.38,9.45
Ara ararauna,-61.04,10.4
Ara ararauna,-66.86,10.48
Ara ararauna,-66.89,10.49
Ara ararauna,-66.84,10.49
Ara ararauna,-66.82,10.48
Ara ararauna,-66.84,10.49
Ara ararauna,-66.84,10.49
Ara ararauna,-66.84,10.49
Ara ararauna,-66.84,10.49
Ara ararauna,-66.82,10.48
Ara ararauna,-66.82,10.47
Ara ararauna,-66.84,10.49
Ara ararauna,-66.88,10.41
Ara ararauna,-66.84,10.49
Ara ararauna,-66.84,10.49
Ara ararauna,-66.84,10.49
Ara ararauna,-66.88,10.41
Ara ararauna,-66.81,10.47
Ara ararauna,-66.84,10.49
Ara ararauna,-61.03,10.38
Ara ararauna,-61.04,10.51
Ara ararauna,-66.88,10.41
Ara ararauna,-66.84,10.49
Ara ararauna,-66.86,10.48
Ara ararauna,-66.86,10.48
Ara ararauna,-61.04,10.51
Ara ararauna,-62.66,9.59
Ara ararauna,-66.82,10.47
Ara ararauna,-66.84,10.49
Ara ararauna,-66.84,10.49
Ara ararauna,-62.66,9.59
Ara ararauna,-66.87,10.48
Ara ararauna,-66.84,10.49
Ara ararauna,-61.03,10.38
Ara ararauna,-61.03,10.38
Ara ararauna,-61.03,10.38
Ara ararauna,-66.92,10.48
Ara ararauna,-66.82,10.47
Ara ararauna,-66.82,10.47
Ara ararauna,-61.03,10.38
Ara ararauna,-61.03,10.38
Ara ararauna,-66.82,10.47
Ara ararauna,-61.06,10.5
Ara ararauna,-66.82,10.47
Ara ararauna,-66.82,10.48
Ara ararauna,-66.82,10.47
Ara ararauna,-66.82,10.48
Ara ararauna,-66.82,10.48
Ara ararauna,-66.82,10.48
Ara ararauna,-66.82,10.47
Ara ararauna,-66.82,10.47
Ara ararauna,-66.82,10.48
Ara ararauna,-66.82,10.47
Ara ararauna,-66.82,10.48
Ara ararauna,-66.82,10.47
Ara ararauna,-66.82,10.48
Ara ararauna,-61.91,8.01
Ara ararauna,-66.96,10.58
Ara ararauna,-73.3,5.02
Ara ararauna,-61.09,10.49
Ara ararauna,-66.89,10.5
Ara ararauna,-66.84,10.49
Ara ararauna,-59.83,8.13
Ara ararauna,-66.88,10.41
Ara ararauna,-61.03,10.38
Ara ararauna,-61.86,8.03
Ara ararauna,-66.89,10.44
Ara ararauna,-66.89,10.44
Ara ararauna,-65.92,1.38
Ara ararauna,-73.28,11.16
Ara ararauna,-62.84,6.24
Ara ararauna,-66.89,10.44
Ara ararauna,-66.89,10.44
Ara ararauna,-66.89,10.44
Ara ararauna,-66.89,10.44
Ara ararauna,-66.89,10.44
Ara ararauna,-66.89,10.44
Ara ararauna,-60.78,8.61
Ara ararauna,-66.89,10.44
Ara ararauna,-66.89,10.44
Ara ararauna,-66.89,10.44
Ara ararauna,-66.89,10.44
Ara ararauna,-66.89,10.44
Ara ararauna,-61.03,10.38
Ara ararauna,-66.88,10.48
Ara ararauna,-66.89,10.44
Ara ararauna,-66.89,10.44
Ara ararauna,-66.89,10.44
Ara ararauna,-62.92,9.92
Ara ararauna,-73.13,6.55
Ara ararauna,-66.89,10.44
Ara ararauna,-66.84,10.49
Ara ararauna,-66.84,10.49
Ara ararauna,-66.89,10.44
Ara ararauna,-66.89,10.44
Ara ararauna,-66.84,10.49
Ara ararauna,-66.82,10.48
Ara ararauna,-66.84,10.48
Ara ararauna,-66.82,10.47
Ara ararauna,-61.03,10.38
Ara ararauna,-66.86,10.47
Ara ararauna,-66.82,10.47
Ara ararauna,-61.02,10.37
Ara ararauna,-61.03,10.38
Ara ararauna,-63.81,10.99
Ara ararauna,-62.92,9.92
Ara ararauna,-62.92,9.92
Ara ararauna,-62.92,9.92
Ara ararauna,-62.92,9.92
Ara ararauna,-62.92,9.92
Ara ararauna,-62.92,9.92
Ara ararauna,-62.97,9.88
Ara ararauna,-62.92,9.92
Ara ararauna,-66.84,10.49
Ara ararauna,-66.82,10.46
Ara ararauna,-63.82,10.99
Ara ararauna,-63.85,10.96
Ara ararauna,-66.84,10.49
Ara ararauna,-68.71,10.23
Ara ararauna,-66.84,10.49
Ara ararauna,-61.03,10.38
Ara ararauna,-61.03,10.38
Ara ararauna,-66.82,10.48
Ara ararauna,-66.82,10.47
Ara ararauna,-61.03,10.38
Ara ararauna,-66.89,10.5
Ara ararauna,-66.84,10.49
Ara ararauna,-66.9,10.46
Ara ararauna,-60.99,1.39
Ara ararauna,-66.82,10.47
Ara ararauna,-66.82,10.48
Ara ararauna,-61.63,10.23
Ara ararauna,-67.96,3.86
Ara ararauna,-66.84,10.49
Ara ararauna,-66.9,10.46
Ara ararauna,-67.96,3.86
Ara ararauna,-66.9,10.49
Ara ararauna,-66.9,10.49
Ara ararauna,-66.84,10.49
Ara ararauna,-66.85,10.42
Ara ararauna,-66.84,10.47
Ara ararauna,-62.38,9.39
Ara ararauna,-66.85,10.42
Ara ararauna,-66.84,10.47
Ara ararauna,-60.69,8.77
Ara ararauna,-60.69,8.77
Ara ararauna,-60.69,8.77
Ara ararauna,-66.84,10.47
Ara ararauna,-66.84,10.47
Ara ararauna,-62.02,8.54
Ara ararauna,-66.84,10.47
Ara ararauna,-61.02,1.5
Ara ararauna,-60.99,1.39
Ara ararauna,-61.02,1.5
Ara ararauna,-60.98,1.45
Ara ararauna,-61.02,1.5
Ara ararauna,-61.01,1.47
Ara ararauna,-61,1.49
Ara ararauna,-61.02,1.5
Ara ararauna,-61.02,1.5
Ara ararauna,-61.02,1.5
Ara ararauna,-61.6,3.62
Ara ararauna,-61.75,3.79
Ara ararauna,-61.76,3.76
Ara ararauna,-61,1.49
Ara ararauna,-61.17,1.71
Ara ararauna,-60.97,1.46
Ara ararauna,-60.99,1.48
Ara ararauna,-60.99,1.48
Ara ararauna,-60.99,1.39
Ara ararauna,-61.17,1.71
Ara ararauna,-61,1.49
Ara ararauna,-60.99,1.48
Ara ararauna,-60.97,1.46
Ara ararauna,-61,1.49
Ara ararauna,-61.17,1.71
Ara ararauna,-68.71,10.23
Ara ararauna,-62.92,9.79
Ara ararauna,-62.92,9.92
Ara ararauna,-66.84,10.47
Ara ararauna,-66.84,10.47
Ara ararauna,-66.82,10.48
Ara ararauna,-66.84,10.49
Ara ararauna,-62.92,9.79
Ara ararauna,-62.92,9.92
Ara ararauna,-62.92,9.92
Ara ararauna,-64.69,10.19
Ara ararauna,-61.01,1.47
Ara ararauna,-61.01,1.47
Ara ararauna,-62.92,9.79
Ara ararauna,-62.92,9.79
Ara ararauna,-62.92,9.92
Ara ararauna,-62.92,9.92
Ara ararauna,-62.92,9.79
Ara ararauna,-62.92,9.79
Ara ararauna,-62.92,9.92
Ara ararauna,-62.92,9.92
Ara ararauna,-62.92,9.79
Ara ararauna,-62.92,9.92
Ara ararauna,-62.92,9.79
Ara ararauna,-62.92,9.92
Ara ararauna,-66.84,10.49
Ara ararauna,-66.85,10.47
Ara ararauna,-66.84,10.47
Ara ararauna,-66.84,10.47
Ara ararauna,-66.84,10.49
Ara ararauna,-64.69,10.19
Ara ararauna,-66.84,10.49
Ara ararauna,-66.84,10.49
Ara ararauna,-66.85,10.47
Ara ararauna,-66.84,10.47
Ara ararauna,-66.84,10.47
Ara ararauna,-66.84,10.47
Ara ararauna,-67.88,3.89
Ara ararauna,-67.96,3.86
Ara ararauna,-61.04,10.4
Ara ararauna,-61.09,10.45
Ara ararauna,-61.03,10.38
Ara ararauna,-64.69,10.18
Ara ararauna,-70.17,1.21
Ara ararauna,-61.03,10.38
Ara ararauna,-66.84,10.47
Ara ararauna,-66.84,10.47
Ara ararauna,-66.84,10.47
Ara ararauna,-66.84,10.47
Ara ararauna,-66.83,10.5
Ara ararauna,-66.84,10.5
Ara ararauna,-66.84,10.49
Ara ararauna,-66.84,10.41
Ara ararauna,-66.89,10.49
Ara ararauna,-66.82,10.46
Ara ararauna,-66.84,10.47
Ara ararauna,-66.89,10.44
Ara ararauna,-66.93,10.43
Ara ararauna,-61.04,10.4
Ara ararauna,-66.84,10.47
Ara ararauna,-66.84,10.47
Ara ararauna,-66.83,10.46
Ara ararauna,-66.89,10.49
Ara ararauna,-66.89,10.49
Ara ararauna,-61.11,10.45
Ara ararauna,-61.11,10.45
Ara ararauna,-61.07,10.5
Ara ararauna,-61.04,10.4
Ara ararauna,-61.04,10.4
Ara ararauna,-61.02,10.3
Ara ararauna,-61.03,10.38
Ara ararauna,-61.47,10.14
Ara ararauna,-61.03,10.38
Ara ararauna,-61.03,10.38
Ara ararauna,-61.04,10.4
Ara ararauna,-73.23,9.83
Ara ararauna,-73.23,9.83
Ara ararauna,-61.64,8.04
Ara ararauna,-66.84,10.5
Ara ararauna,-61,1.49
Ara ararauna,-66.88,10.48
Ara ararauna,-61.01,1.47
Ara ararauna,-61.01,1.47
Ara ararauna,-61.01,1.47
Ara ararauna,-62.84,6.24
Ara ararauna,-62.66,9.54
Ara ararauna,-66.84,10.47
Ara ararauna,-72.69,2.57
Ara ararauna,-66.85,10.46
Ara ararauna,-66.84,10.49
Ara ararauna,-66.84,10.47
Ara ararauna,-62.92,9.92
Ara ararauna,-66.88,10.48
Ara ararauna,-66.8,10.5
Ara ararauna,-66.84,10.49
Ara ararauna,-66.84,10.49
Ara ararauna,-66.84,10.49
Ara ararauna,-66.84,10.47
Ara ararauna,-66.88,10.48
Ara ararauna,-66.9,10.47
Ara ararauna,-66.84,10.49
Ara ararauna,-67.08,1.91
Ara ararauna,-66.89,10.49
Ara ararauna,-67.93,3.87
Ara ararauna,-67.93,3.87
Ara ararauna,-67.93,3.87
Ara ararauna,-67.93,3.87
Ara ararauna,-67.93,3.87
Ara ararauna,-67.93,3.87
Ara ararauna,-66.93,10.43
Ara ararauna,-66.8,10.5
Ara ararauna,-61,1.49
Ara ararauna,-66.93,10.46
Ara ararauna,-67.61,10.5
Ara ararauna,-62.23,8.6
Ara ararauna,-61.01,1.47
Ara ararauna,-66.86,10.47
Ara ararauna,-72.76,10.91
Ara ararauna,-61.01,1.47
Ara ararauna,-66.86,10.52
Ara ararauna,-66.86,10.43
Ara ararauna,-61.01,1.47
Ara ararauna,-66.84,10.49
Ara ararauna,-66.42,2.45
Ara ararauna,-67.06,1.92
Ara ararauna,-66.88,10.48
Ara ararauna,-62.38,9.37
Ara ararauna,-66.84,10.49
Ara ararauna,-66.88,10.48
Ara ararauna,-66.88,10.48
Ara ararauna,-66.88,10.48
Ara ararauna,-66.84,10.49
Ara ararauna,-66.88,10.48
Ara ararauna,-73.38,6.85
Ara ararauna,-66.83,10.5
Ara ararauna,-66.88,10.49
Ara ararauna,-66.84,10.49
Ara ararauna,-66.84,10.5
Ara ararauna,-61.01,1.47
Ara ararauna,-67.82,3.8
Ara ararauna,-67.82,3.8
Ara ararauna,-67.88,3.87
Ara ararauna,-67.88,3.87
Ara ararauna,-67.91,3.83
Ara ararauna,-66.84,10.49
Ara ararauna,-67.91,3.83
Ara ararauna,-67.82,3.8
Ara ararauna,-67.88,3.87
Ara ararauna,-66.84,10.47
Ara ararauna,-66.84,10.49
Ara ararauna,-60.83,9
Ara ararauna,-60.83,9
Ara ararauna,-60.83,9
Ara ararauna,-72.99,4.27
Ara ararauna,-66.84,10.49
Ara ararauna,-72.71,2.57
Ara ararauna,-66.83,10.5
Ara ararauna,-62.36,9.44
Ara ararauna,-66.93,10.44
Ara ararauna,-66.86,10.43
Ara ararauna,-66.85,10.47
Ara ararauna,-66.88,10.48
Ara ararauna,-66.85,10.47
Ara ararauna,-66.84,10.47
Ara ararauna,-66.89,10.49
Ara ararauna,-66.82,10.47
Ara ararauna,-66.84,10.47
Ara ararauna,-66.84,10.47
Ara ararauna,-66.87,10.48
Ara ararauna,-66.88,10.48
Ara ararauna,-66.39,4.96
Ara ararauna,-66.39,4.96
Ara ararauna,-66.39,4.96
Ara ararauna,-66.84,10.47
Ara ararauna,-66.84,10.47
Ara ararauna,-66.84,10.47
Ara ararauna,-66.84,10.47
Ara ararauna,-66.84,10.47
Ara ararauna,-66.85,10.47
Ara ararauna,-66.84,10.47
Ara ararauna,-62.69,9.56
Ara ararauna,-67.32,3.14
Ara ararauna,-66.84,10.47
Ara ararauna,-66.83,1.24
Ara ararauna,-66.84,10.47
Ara ararauna,-66.84,10.47
Ara ararauna,-67.55,2.72
Ara ararauna,-67.55,2.72
Ara ararauna,-66.93,10.46
Ara ararauna,-67.18,2.64
Ara ararauna,-67.06,1.92
Ara ararauna,-66.38,2.6
Ara ararauna,-66.38,2.6
Ara ararauna,-66.84,10.47
Ara ararauna,-66.88,10.48
Ara ararauna,-66.84,10.47
Ara ararauna,-66.84,10.47
Ara ararauna,-66.84,10.47
Ara ararauna,-66.85,10.47
Ara ararauna,-66.89,10.49
Ara ararauna,-66.84,10.47
Ara ararauna,-62.84,6.24
Ara ararauna,-66.84,10.5
Ara ararauna,-66.85,10.47
Ara ararauna,-66.84,10.47
Ara ararauna,-66.84,10.47
Ara ararauna,-66.84,10.47
Ara ararauna,-66.82,10.46
Ara ararauna,-66.84,10.49
Ara ararauna,-66.84,10.49
Ara ararauna,-66.84,10.49
Ara ararauna,-66.84,10.49
Ara ararauna,-66.84,10.49
Ara ararauna,-68.14,8.95
Ara ararauna,-66.84,10.49
Ara ararauna,-66.84,10.49
Ara ararauna,-66.84,10.49
Ara ararauna,-66.84,10.49
Ara ararauna,-66.84,10.49
Ara ararauna,-66.84,10.49
Ara ararauna,-63.24,5.19
Ara ararauna,-66.24,5.68
Ara ararauna,-66.24,5.68
Ara ararauna,-66.24,5.68
Ara ararauna,-66.24,5.68
Ara ararauna,-66.24,5.68
Ara ararauna,-66.24,5.68
Ara ararauna,-66.24,5.68
Ara ararauna,-66.93,10.44
Ara ararauna,-66.88,10.49
Ara ararauna,-66.84,10.51
Ara ararauna,-64.7,10.19
Ara ararauna,-66.9,10.47
Ara ararauna,-66.85,10.5
Ara ararauna,-66.93,10.44
Ara ararauna,-66.82,10.46
Ara ararauna,-66.93,10.44
Ara ararauna,-66.86,10.43
Ara ararauna,-66.9,10.47
Ara ararauna,-66.86,10.43
Ara ararauna,-66.87,10.48
Ara ararauna,-66.84,10.49
Ara ararauna,-61.63,10.23
Ara ararauna,-66.93,10.44
Ara ararauna,-61.21,10.62
Ara ararauna,-62.63,9.58
Ara ararauna,-66.86,10.52
Ara ararauna,-61.66,8.05
Ara ararauna,-66.84,10.5
Ara ararauna,-66.87,4.08
Ara ararauna,-59.97,7.76
Ara ararauna,-59.89,8.13
Ara ararauna,-61.6,3.4
Ara ararauna,-61.43,9.72
Ara ararauna,-61.43,9.72
Ara ararauna,-61.43,9.72
Ara ararauna,-61.43,9.72
Ara ararauna,-66.84,10.49
Ara ararauna,-66.87,10.48
Ara ararauna,-66.87,10.48
Ara ararauna,-66.87,10.48
Ara ararauna,-66.87,10.48
Ara ararauna,-66.87,10.48
Ara ararauna,-66.87,10.48
Ara ararauna,-66.87,10.48
Ara ararauna,-66.87,10.48
Ara ararauna,-66.87,10.48
Ara ararauna,-66.87,10.48
Ara ararauna,-66.87,10.48
Ara ararauna,-66.87,10.48
Ara ararauna,-66.87,10.48
Ara ararauna,-66.84,10.49
Ara ararauna,-66.87,10.48
Ara ararauna,-60.56,8.86
Ara ararauna,-62.85,6.24
Ara ararauna,-61.03,10.38
Ara ararauna,-61.03,10.38
Ara ararauna,-61.7,8.6
Ara ararauna,-66.87,10.48
Ara ararauna,-66.87,10.48
Ara ararauna,-62.84,6.24
Ara ararauna,-66.9,10.5
Ara ararauna,-61.22,8.63
Ara ararauna,-67.8,5.22
Ara ararauna,-66.96,3.72
Ara ararauna,-66.91,4.06
Ara ararauna,-67.02,4.01
Ara ararauna,-67.07,3.96
Ara ararauna,-62.92,9.92
Ara ararauna,-63.23,9.74
